{
  "input_min": [30, 20, 30, 60, 2000, 0.1, 20000, 0.1],
  "input_max": [75, 65, 90, 140, 10000, 0.3, 80000, 0.3],
  "output1_min": [23.3619, -83.3194, -32.237],
  "output1_max": [1001.05, -8.35487, 14.6481],
  "output2_min": [23.3752, -81.1981, -32.4779],
  "output2_max": [925.402, -7.51187, 12.4097]
}